split,rows,accuracy,precision,recall,f1,roc_auc,threshold,target_col
val,21328,0.8006845461365342,0.5083547557840618,0.7265212399540758,0.59816617827772,0.8553747652024899,0.5,RainTomorrow
test,21330,0.7751992498827942,0.518488419341731,0.755327545382794,0.6148903702513854,0.8485656745787726,0.5,RainTomorrow
